{
  "cache_version": 2,
  "n_runs": 3,
  "baseline_initial": 0.1260991666931659,
  "baseline_dynamic": 33.72045049990993,
  "baseline_total": 33.846549666603096,
  "baseline_time": 33.72045049990993
}